{
  "best_metric": null,
  "best_model_checkpoint": null,
  "epoch": 0.9916503044366435,
  "global_step": 25000,
  "is_hyper_param_search": false,
  "is_local_process_zero": true,
  "is_world_process_zero": true,
  "log_history": [
    {
      "epoch": 0.02,
      "learning_rate": 4.900833002776676e-05,
      "loss": 1.0617,
      "step": 500
    },
    {
      "epoch": 0.04,
      "learning_rate": 4.801666005553352e-05,
      "loss": 1.0595,
      "step": 1000
    },
    {
      "epoch": 0.06,
      "learning_rate": 4.702499008330028e-05,
      "loss": 1.0492,
      "step": 1500
    },
    {
      "epoch": 0.08,
      "learning_rate": 4.603332011106704e-05,
      "loss": 1.0506,
      "step": 2000
    },
    {
      "epoch": 0.1,
      "learning_rate": 4.50416501388338e-05,
      "loss": 1.0467,
      "step": 2500
    },
    {
      "epoch": 0.12,
      "learning_rate": 4.404998016660056e-05,
      "loss": 1.0433,
      "step": 3000
    },
    {
      "epoch": 0.14,
      "learning_rate": 4.305831019436732e-05,
      "loss": 1.0368,
      "step": 3500
    },
    {
      "epoch": 0.16,
      "learning_rate": 4.2066640222134076e-05,
      "loss": 1.0385,
      "step": 4000
    },
    {
      "epoch": 0.18,
      "learning_rate": 4.1074970249900835e-05,
      "loss": 1.0345,
      "step": 4500
    },
    {
      "epoch": 0.2,
      "learning_rate": 4.0083300277667595e-05,
      "loss": 1.0324,
      "step": 5000
    },
    {
      "epoch": 0.22,
      "learning_rate": 3.9091630305434354e-05,
      "loss": 1.0297,
      "step": 5500
    },
    {
      "epoch": 0.24,
      "learning_rate": 3.809996033320111e-05,
      "loss": 1.0267,
      "step": 6000
    },
    {
      "epoch": 0.26,
      "learning_rate": 3.710829036096787e-05,
      "loss": 1.0248,
      "step": 6500
    },
    {
      "epoch": 0.28,
      "learning_rate": 3.611662038873463e-05,
      "loss": 1.0196,
      "step": 7000
    },
    {
      "epoch": 0.3,
      "learning_rate": 3.512495041650139e-05,
      "loss": 1.0204,
      "step": 7500
    },
    {
      "epoch": 0.32,
      "learning_rate": 3.413328044426815e-05,
      "loss": 1.0138,
      "step": 8000
    },
    {
      "epoch": 0.34,
      "learning_rate": 3.314161047203491e-05,
      "loss": 1.0142,
      "step": 8500
    },
    {
      "epoch": 0.36,
      "learning_rate": 3.214994049980167e-05,
      "loss": 1.0144,
      "step": 9000
    },
    {
      "epoch": 0.38,
      "learning_rate": 3.115827052756843e-05,
      "loss": 1.0079,
      "step": 9500
    },
    {
      "epoch": 0.4,
      "learning_rate": 3.0166600555335183e-05,
      "loss": 1.0085,
      "step": 10000
    },
    {
      "epoch": 0.42,
      "learning_rate": 2.9174930583101946e-05,
      "loss": 1.0091,
      "step": 10500
    },
    {
      "epoch": 0.44,
      "learning_rate": 2.8183260610868705e-05,
      "loss": 1.0086,
      "step": 11000
    },
    {
      "epoch": 0.46,
      "learning_rate": 2.719159063863546e-05,
      "loss": 1.006,
      "step": 11500
    },
    {
      "epoch": 0.48,
      "learning_rate": 2.6199920666402224e-05,
      "loss": 1.0043,
      "step": 12000
    },
    {
      "epoch": 0.5,
      "learning_rate": 2.5208250694168983e-05,
      "loss": 1.0034,
      "step": 12500
    },
    {
      "epoch": 0.52,
      "learning_rate": 2.4216580721935742e-05,
      "loss": 1.0017,
      "step": 13000
    },
    {
      "epoch": 0.54,
      "learning_rate": 2.32249107497025e-05,
      "loss": 1.0028,
      "step": 13500
    },
    {
      "epoch": 0.56,
      "learning_rate": 2.2233240777469257e-05,
      "loss": 0.9954,
      "step": 14000
    },
    {
      "epoch": 0.58,
      "learning_rate": 2.124157080523602e-05,
      "loss": 0.9975,
      "step": 14500
    },
    {
      "epoch": 0.59,
      "learning_rate": 2.024990083300278e-05,
      "loss": 0.9953,
      "step": 15000
    },
    {
      "epoch": 0.61,
      "learning_rate": 1.9258230860769535e-05,
      "loss": 0.9925,
      "step": 15500
    },
    {
      "epoch": 0.63,
      "learning_rate": 1.8266560888536297e-05,
      "loss": 0.9908,
      "step": 16000
    },
    {
      "epoch": 0.65,
      "learning_rate": 1.7274890916303053e-05,
      "loss": 0.9906,
      "step": 16500
    },
    {
      "epoch": 0.67,
      "learning_rate": 1.6283220944069812e-05,
      "loss": 0.9921,
      "step": 17000
    },
    {
      "epoch": 0.69,
      "learning_rate": 1.5291550971836575e-05,
      "loss": 0.9918,
      "step": 17500
    },
    {
      "epoch": 0.71,
      "learning_rate": 1.4299880999603333e-05,
      "loss": 0.9867,
      "step": 18000
    },
    {
      "epoch": 0.73,
      "learning_rate": 1.330821102737009e-05,
      "loss": 0.9888,
      "step": 18500
    },
    {
      "epoch": 0.75,
      "learning_rate": 1.2316541055136851e-05,
      "loss": 0.9849,
      "step": 19000
    },
    {
      "epoch": 0.77,
      "learning_rate": 1.132487108290361e-05,
      "loss": 0.9861,
      "step": 19500
    },
    {
      "epoch": 0.79,
      "learning_rate": 1.033320111067037e-05,
      "loss": 0.9868,
      "step": 20000
    },
    {
      "epoch": 0.81,
      "learning_rate": 9.341531138437129e-06,
      "loss": 0.9845,
      "step": 20500
    },
    {
      "epoch": 0.83,
      "learning_rate": 8.349861166203888e-06,
      "loss": 0.9886,
      "step": 21000
    },
    {
      "epoch": 0.85,
      "learning_rate": 7.358191193970647e-06,
      "loss": 0.9856,
      "step": 21500
    },
    {
      "epoch": 0.87,
      "learning_rate": 6.366521221737406e-06,
      "loss": 0.9855,
      "step": 22000
    },
    {
      "epoch": 0.89,
      "learning_rate": 5.3748512495041655e-06,
      "loss": 0.9838,
      "step": 22500
    },
    {
      "epoch": 0.91,
      "learning_rate": 4.383181277270925e-06,
      "loss": 0.9814,
      "step": 23000
    },
    {
      "epoch": 0.93,
      "learning_rate": 3.391511305037683e-06,
      "loss": 0.9842,
      "step": 23500
    },
    {
      "epoch": 0.95,
      "learning_rate": 2.3998413328044427e-06,
      "loss": 0.9811,
      "step": 24000
    },
    {
      "epoch": 0.97,
      "learning_rate": 1.408171360571202e-06,
      "loss": 0.9822,
      "step": 24500
    },
    {
      "epoch": 0.99,
      "learning_rate": 4.165013883379611e-07,
      "loss": 0.9814,
      "step": 25000
    }
  ],
  "max_steps": 25210,
  "num_train_epochs": 1,
  "total_flos": 6.71636882839008e+16,
  "trial_name": null,
  "trial_params": null
}
